{
    "Lng": 120.125473,
    "Lat": 30.224404
}