{
    "Lng": 119.992668,
    "Lat": 30.158975
}