{
    "Lng": 116.32953,
    "Lat": 39.957202
}